<pkgref spec="1.12" uuid="3F58991D-8A97-4993-B37D-4A82D36CBB33"><config><identifier>com.phonegap.phonegaplibinstaller.PhoneGap-basedApplication.xctemplate.pkg</identifier><version>1.0</version><description></description><post-install type="none"/><installFrom relative="true">../PhoneGap-based Application.xctemplate</installFrom><installTo mod="true">/Library/Developer/Xcode/Templates/Project Templates/Application/PhoneGap-based Application.xctemplate</installTo><flags><followSymbolicLinks/></flags><packageStore type="internal"></packageStore><mod>installTo.path</mod><mod>installFrom.isRelativeType</mod><mod>identifier</mod><mod>parent</mod><mod>requireAuthorization</mod><mod>installTo</mod></config></pkgref>