<pkgref spec="1.12" uuid="B2D06243-635E-4227-832D-B7BEDBC4767F"><config><identifier>com.phonegap.phonegaplibinstaller.PhoneGap.framework.pkg</identifier><version>1.0</version><description></description><post-install type="none"/><installFrom relative="true">../PhoneGap.framework</installFrom><installTo mod="true">/Library/Frameworks/PhoneGap.framework</installTo><flags><followSymbolicLinks/></flags><packageStore type="internal"></packageStore><mod>scripts.preinstall.path</mod><mod>installTo</mod><mod>scripts.postinstall.path</mod><mod>scripts.postinstall.isRelativeType</mod><mod>installTo.isRelativeType</mod><mod>installTo.isAbsoluteType</mod><mod>installFrom.isRelativeType</mod><mod>parent</mod><mod>scripts.scriptsDirectoryPath.path</mod><mod>identifier</mod><mod>relocatable</mod><mod>requireAuthorization</mod><mod>installTo.path</mod></config><scripts><preinstall relative="true" mod="true">scripts/framework.preinstall</preinstall><postinstall relative="true" mod="true">scripts/framework.postinstall</postinstall><scripts-dir relative="true" mod="true">scripts</scripts-dir></scripts><contents><file-list>04phonegap-contents.xml</file-list><filter>/CVS$</filter><filter>/\.svn$</filter><filter>/\.cvsignore$</filter><filter>/\.cvspass$</filter><filter>/\.DS_Store$</filter></contents></pkgref>